Post Ranking,Avg. # of Comments,Avg. Score
1,708.6,4348.2
2,779.8,4036.67
3,631.1,4022.4
4,490.2,3621.27
5,706.5,3588.5
6,970.8,3567.0
7,1067.2,3367.53
8,680.1,3127.8
9,1315.2,3212.0
10,2204.7,2969.53
11,1666.9,3151.73
12,502.3,2916.8
13,522.9,2981.07
14,576.9,2667.53
15,708.7,2522.4
16,1549.7,2894.73
17,380.3,2138.53
18,753.5,2403.8
19,417.8,2621.53
20,432.3,2360.47
21,902.3,2476.73
22,472.3,2574.73
23,335.7,1844.47
24,682.5,1939.27
25,422.1,2366.0
26,413.5,1607.07
27,315.1,1992.13
28,371.9,2353.8
29,254.5,1769.67
30,304.5,1684.71
31,353.5,1696.07
32,398.3,1474.4
33,198.3,1671.07
34,529.7,1604.13
35,189.1,1181.13
36,187.1,1227.0
37,449.5,1355.8
38,374.6,1307.43
39,280.1,897.29
40,127.3,630.8
41,207.6,824.73
42,212.7,890.53
43,95.0,705.36
44,271.5,427.69
45,170.7,471.33
46,90.0,556.0
47,537.3,1420.93
48,81.7,925.07
49,405.1,2018.6
50,278.9,2636.62
51,264.3,1966.8
52,254.9,2172.93
53,331.3,1818.0
54,498.0,2153.33
55,360.1,2562.07
56,610.7,2373.93
57,437.5,2468.6
58,186.7,1652.8
59,306.1,1419.53
60,1877.3,2021.33
61,217.3,1963.0
62,399.7,1992.47
63,892.0,2232.93
64,857.4,2672.8
65,391.8,2116.21
66,495.9,2749.33
67,79.2,1191.27
68,218.3,1754.5
69,482.1,1940.93
70,196.1,1958.87
71,297.5,2105.23
72,149.4,2199.87
73,174.9,1715.27
74,311.6,2561.4
75,346.1,1508.0
76,926.4,2022.71
77,568.5,1705.5
78,327.3,1898.73
79,215.3,2154.07
80,303.9,1744.87
81,425.1,1847.87
82,130.3,1293.0
83,1189.6,1620.86
84,426.9,2155.5
85,146.6,2099.54
86,183.7,1732.53
87,162.3,1828.93
88,109.5,1352.33
89,266.0,1526.8
90,206.8,2121.13
91,218.3,1683.79
92,406.3,1540.33
93,248.1,2004.4
94,1084.1,1726.93
95,300.5,1954.33
96,196.8,1623.6
97,653.7,2340.73
98,429.8,1741.8
99,309.4,2182.43
100,382.1,2002.07
