Length of Title (in characters),Avg. Score,Avg. # Words in title of this length,Avg. # of,Avg. Rank
7,4667.0,1.0,493.0,3.0
3,4456.0,1.0,276.0,56.0
6,4171.5,1.5,233.0,24.0
5,2744.5,1.0,644.0,42.5
8,3094.5,1.5,169.0,68.0
10,3117.8,1.8,431.0,71.8
12,2960.5,2.0,329.0,61.4
13,2505.6,2.3,126.0,60.6
16,3166.33,3.0,228.0,58.3
14,2549.22,2.4,173.0,53.0
9,1774.25,1.8,78.0,52.3
18,2783.5,2.8,426.0,83.4
11,2161.3,2.2,330.0,59.2
21,2767.57,3.6,253.0,63.1
17,2364.27,3.1,219.0,53.5
19,2385.85,3.2,189.0,45.0
15,2215.07,3.0,140.0,68.9
20,2646.0,4.0,380.0,50.9
28,2784.55,4.5,1641.0,67.5
22,2605.08,4.3,215.0,56.5
24,2370.4,4.8,278.0,55.3
23,2070.65,4.4,149.0,55.5
26,2311.71,5.0,506.0,34.9
25,2194.8,4.9,308.0,52.2
31,2458.0,5.7,370.0,54.5
33,2497.58,6.0,1216.0,51.3
29,2083.91,5.1,288.0,32.9
34,2515.7,6.2,315.0,63.8
32,2278.29,5.9,887.0,47.1
30,2082.45,5.6,250.0,46.5
45,2625.89,7.1,403.0,48.6
35,1920.81,5.5,189.0,62.9
39,2309.6,6.7,306.0,54.4
43,2755.2,8.0,367.0,43.4
38,2286.75,7.3,313.0,53.5
27,1443.61,4.8,174.0,56.0
41,2290.78,7.6,415.0,66.7
37,2085.28,6.9,396.0,57.2
40,2072.18,7.3,591.0,52.4
47,2294.88,8.2,398.0,53.3
36,1593.95,6.1,94.0,62.9
54,2468.8,9.9,380.0,50.4
50,2212.12,9.0,424.0,45.5
44,1815.47,7.4,599.0,58.7
42,1853.53,7.8,181.0,48.6
51,2050.53,9.1,201.0,45.8
100,4078.5,18.8,569.0,43.5
63,2394.64,11.3,420.0,47.6
121,4015.83,19.3,998.0,38.5
46,1719.38,8.3,526.0,50.0
58,1991.27,9.8,765.0,36.8
53,2038.94,10.1,718.0,47.9
49,1739.93,8.6,180.0,50.0
71,2565.25,12.8,627.0,46.8
52,1749.27,8.7,717.0,46.2
69,2308.09,11.7,429.0,68.1
56,1766.57,9.2,446.0,43.9
68,2170.33,11.5,435.0,42.6
67,2227.4,12.0,1568.0,34.7
90,2976.4,16.4,551.0,41.0
140,5123.0,29.0,2302.0,5.0
64,1987.86,11.3,349.0,54.0
119,3838.0,22.0,991.0,96.0
48,1449.19,8.4,567.0,41.1
106,2699.75,16.0,200.0,42.3
83,2596.71,15.4,2689.0,49.7
99,2513.5,15.0,521.0,42.0
59,1706.61,10.3,225.0,47.8
142,3975.0,24.0,532.0,27.5
124,3820.33,23.7,590.0,91.7
66,1808.63,11.3,299.0,44.5
72,2063.44,13.0,1003.0,40.2
96,2588.0,16.3,877.0,15.7
61,1716.11,10.8,379.0,42.3
81,2213.4,14.0,410.0,42.3
117,3400.8,21.6,652.0,40.0
77,2089.13,13.4,435.0,56.0
65,1730.36,11.1,1172.0,49.8
85,2311.11,15.0,624.0,58.2
109,2605.6,17.2,897.0,37.8
55,1474.33,9.8,697.0,50.2
60,1602.38,10.8,611.0,53.3
146,3723.0,25.0,287.0,8.0
111,2666.17,18.0,809.0,57.8
73,1961.45,13.5,300.0,51.4
76,1852.69,13.2,540.0,45.7
86,2116.89,15.2,509.0,40.6
70,1740.23,12.5,216.0,46.2
89,2226.27,16.1,444.0,53.1
104,2402.25,18.0,1502.0,42.3
87,1809.0,13.7,294.0,15.0
92,2051.33,15.8,209.0,65.7
215,4372.0,34.0,326.0,19.0
80,1760.8,13.7,762.0,55.1
118,2864.0,22.3,896.0,58.2
105,2353.57,18.6,354.0,39.6
102,2099.7,17.0,445.0,47.7
84,1799.14,14.9,276.0,32.3
91,1969.18,16.3,699.0,43.6
128,2732.4,22.6,516.0,32.0
122,2512.6,20.8,359.0,32.0
191,3447.0,29.0,776.0,81.5
220,4151.0,35.0,338.0,93.0
159,3422.0,29.0,951.0,16.0
78,1633.56,13.9,317.0,53.7
75,1472.95,12.6,1614.0,47.3
214,3852.0,33.0,1277.0,18.0
135,2669.0,23.0,446.0,21.5
79,1551.83,13.4,285.0,38.0
57,1179.04,10.2,180.0,59.8
211,4373.0,38.0,1209.0,10.0
160,3394.5,29.5,388.0,54.5
131,3027.33,26.3,448.0,34.3
108,2446.5,21.5,433.0,50.5
216,3972.0,35.0,1378.0,84.0
113,2360.6,21.2,872.0,69.2
88,1829.88,16.8,950.0,35.8
132,2795.67,26.0,1418.0,21.0
74,1393.2,13.0,144.0,65.2
202,4338.0,41.0,4651.0,6.0
178,3327.0,32.0,1983.0,16.0
252,4093.0,41.0,509.0,22.0
107,2005.71,20.1,527.0,36.7
188,3423.5,34.5,792.0,12.0
126,2213.0,22.7,1584.0,27.7
174,2976.0,30.7,1005.0,46.3
183,2921.0,30.3,284.0,71.7
148,2445.0,25.4,471.0,58.3
166,2738.0,28.5,469.0,65.0
237,3723.0,39.0,378.0,2.0
136,1907.6,20.4,399.0,29.8
238,3327.0,36.0,521.0,62.0
62,952.91,10.5,293.0,54.5
101,1669.67,18.3,579.0,62.8
97,1587.14,17.4,230.0,65.6
161,2219.0,25.5,614.0,14.5
286,4349.0,50.0,2518.0,97.0
294,4357.0,51.0,907.0,49.0
141,1883.0,22.3,541.0,38.3
201,3324.0,39.5,592.0,15.5
130,2164.0,26.0,1240.0,58.5
206,2777.5,34.0,361.0,15.0
93,1297.33,16.2,2338.0,44.8
156,2233.0,28.0,122.0,34.0
137,1860.75,23.5,479.0,48.0
199,2848.0,36.0,617.0,6.0
275,3867.0,49.0,694.0,6.0
94,1263.5,16.3,153.0,69.8
255,3619.0,47.5,840.0,28.0
129,1686.33,22.3,407.0,55.7
262,3310.0,44.0,1132.0,28.0
133,1770.83,23.7,294.0,27.5
98,1277.88,17.4,665.0,30.5
82,1008.38,13.8,175.0,59.9
145,1783.33,24.3,239.0,47.0
236,2610.0,36.0,785.0,76.0
279,3850.0,54.0,890.0,9.0
192,2572.33,37.0,947.0,31.0
169,2153.0,31.0,107.0,57.0
95,1110.43,16.6,323.0,48.9
112,1290.0,19.9,202.0,45.3
267,3007.0,47.0,940.0,2.0
276,2903.0,46.0,278.0,53.5
165,1874.25,30.0,893.0,53.8
167,2059.0,34.0,57.0,79.0
224,2391.0,39.5,146.0,41.0
272,3388.0,56.0,759.0,9.0
127,1393.33,23.3,246.0,55.3
168,1719.67,29.0,152.0,59.0
144,1534.0,26.2,179.0,49.6
209,2016.33,34.7,391.0,48.0
290,2588.4,44.8,488.0,52.8
110,1131.0,20.0,66.0,43.0
103,989.6,17.6,70.0,34.4
116,1117.6,20.0,132.0,32.2
120,1105.4,19.8,509.0,43.8
147,1432.0,26.0,171.0,93.0
123,1092.25,21.0,463.0,76.0
170,1535.0,30.3,153.0,52.0
125,975.2,21.0,76.0,61.8
154,1198.5,26.0,1405.0,73.5
163,1325.33,29.0,350.0,48.3
176,1319.5,29.0,122.0,80.5
230,1763.0,39.3,332.0,23.0
261,1937.5,43.5,265.0,24.0
288,2218.0,50.0,548.0,24.0
171,1414.0,33.0,100.0,29.0
114,823.2,19.4,212.0,44.4
181,1188.0,29.0,92.0,29.0
271,1873.0,47.0,206.0,78.0
143,1001.5,26.3,362.0,51.8
256,1504.5,42.5,395.0,50.0
265,1581.0,49.5,396.0,61.0
251,1307.0,42.0,146.0,35.0
259,1272.0,42.0,186.0,10.0
151,664.0,23.0,160.0,27.0
152,822.5,28.5,122.0,51.0
134,629.67,22.0,33.0,87.0
149,710.5,26.0,66.0,73.0
240,963.5,38.0,170.0,48.5
200,819.0,32.5,121.0,60.5
198,827.5,33.5,59.0,26.0
186,698.0,30.0,102.0,37.0
153,599.0,27.0,105.0,39.0
231,783.0,40.0,43.0,58.0
263,869.0,46.0,52.0,44.0
184,488.0,26.0,21.0,28.0
242,722.0,40.0,114.0,36.5
293,880.5,52.5,133.0,98.5
223,668.0,40.0,132.0,38.5
269,693.0,43.0,52.0,40.0
164,487.33,31.3,76.0,41.0
287,746.5,51.5,75.0,48.5
281,564.0,42.0,122.0,67.0
274,740.0,57.0,152.0,27.0
162,336.5,26.0,24.0,40.0
115,201.5,19.0,70.0,51.0
175,334.0,32.0,34.0,94.0
196,329.0,36.0,34.0,81.0
245,288.5,38.0,27.0,96.5
138,140.0,25.0,33.0,82.0
208,127.5,37.0,17.0,85.5
195,106.0,42.0,53.0,98.0
249,102.0,41.0,25.0,58.0
185,82.0,36.0,12.0,99.0
283,112.0,51.0,21.0,46.0
278,94.0,45.0,12.0,41.0
150,44.0,23.0,4.0,67.0
